chapter,volume,book,order
A Long-expected Party,The Fellowship of the Ring,1,1
The Shadow of the Past,The Fellowship of the Ring,1,2
Three is Company,The Fellowship of the Ring,1,3
A Short Cut to Mushrooms,The Fellowship of the Ring,1,4
A Conspiracy Unmasked,The Fellowship of the Ring,1,5
The Old Forest,The Fellowship of the Ring,1,6
In the House of Tom Bombadil,The Fellowship of the Ring,1,7
Fog on the Barrow-downs,The Fellowship of the Ring,1,8
At the Sign of The Prancing Pony,The Fellowship of the Ring,1,9
Strider,The Fellowship of the Ring,1,10
A Knife in the Dark,The Fellowship of the Ring,1,11
Flight to the Ford,The Fellowship of the Ring,1,12
Many Meetings,The Fellowship of the Ring,2,13
The Council of Elrond,The Fellowship of the Ring,2,14
The Ring Goes South,The Fellowship of the Ring,2,15
A Journey in the Dark,The Fellowship of the Ring,2,16
The Bridge of Khazad-dûm,The Fellowship of the Ring,2,17
Lothlórien,The Fellowship of the Ring,2,18
The Mirror of Galadriel,The Fellowship of the Ring,2,19
Farewell to Lórien,The Fellowship of the Ring,2,20
The Great River,The Fellowship of the Ring,2,21
The Breaking of the Fellowship,The Fellowship of the Ring,2,22
The Departure of Boromir,The Two Towers,3,23
The Riders of Rohan,The Two Towers,3,24
The Uruk-hai,The Two Towers,3,25
Treebeard,The Two Towers,3,26
The White Rider,The Two Towers,3,27
The King of the Golden Hall,The Two Towers,3,28
Helm's Deep,The Two Towers,3,29
The Road to Isengard,The Two Towers,3,30
Flotsam and Jetsam,The Two Towers,3,31
The Voice of Saruman,The Two Towers,3,32
The Palantír,The Two Towers,3,33
The Taming of Sméagol,The Two Towers,4,34
The Passage of the Marshes,The Two Towers,4,35
The Black Gate is Closed,The Two Towers,4,36
Of Herbs and Stewed Rabbit,The Two Towers,4,37
The Window on the West,The Two Towers,4,38
The Forbidden Pool,The Two Towers,4,39
Journey to the Cross-Roads,The Two Towers,4,40
The Stairs of Cirith Ungol,The Two Towers,4,41
Shelob's Lair,The Two Towers,4,42
The Choices of Master Samwise,The Two Towers,4,43
Minas Tirith,The Return of the King,5,44
The Passing of the Grey Company,The Return of the King,5,45
The Muster of Rohan,The Return of the King,5,46
The Siege of Gondor,The Return of the King,5,47
The Ride of the Rohirrim,The Return of the King,5,48
The Battle of the Pelennor Fields,The Return of the King,5,49
The Pyre of Denethor,The Return of the King,5,50
The Houses of Healing,The Return of the King,5,51
The Last Debate,The Return of the King,5,52
The Black Gate Opens,The Return of the King,5,53
The Tower of Cirith Ungol,The Return of the King,6,54
The Land of Shadow,The Return of the King,6,55
Mount Doom,The Return of the King,6,56
The Field of Cormallen,The Return of the King,6,57
The Steward and the King,The Return of the King,6,58
Many Partings,The Return of the King,6,59
Homeward Bound,The Return of the King,6,60
The Scouring of the Shire,The Return of the King,6,61
The Grey Havens,The Return of the King,6,62